id,user_id,file_name,file_size,file_type,file_path,sector,status,report_url,created_at,project_number,folder_id,visit_number,site_address,site_postcode,extracted_data,updated_at,database_format
91,test-user,Gr7216 JLES Sheppards Way Rothley.db3,1404928,application/octet-stream,uploads/a8d16fa78cf4190bc03f75b1dba989fb,utilities,completed,,Wed Aug 06 2025 15:47:08 GMT+0000 (Coordinated Universal Time),7216,23,1,,,"{""sectionsCount"":2,""extractionType"":""wincan_database"",""validationMessage"":""✅ Main database file loaded successfully."",""status"":""completed""}",Wed Aug 06 2025 15:47:08 GMT+0000 (Coordinated Universal Time),
87,test-user,218ECL-NEWARK.pdf,5000000,pdf,/uploads/authentic-ecl.pdf,utilities,pending,,Mon Aug 04 2025 08:46:19 GMT+0000 (Coordinated Universal Time),,,1,,,,Mon Aug 04 2025 08:46:19 GMT+0000 (Coordinated Universal Time),
92,test-user,GR7188a - 40 Hollow Road - Bury St Edmunds IP32 7AY.db3,1712128,application/octet-stream,uploads/7de9b99c9d9d23f183b5e9435ce5b78a,utilities,completed,,Fri Aug 08 2025 14:16:41 GMT+0000 (Coordinated Universal Time),7188,18,1,,,"{""sectionsCount"":15,""extractionType"":""wincan_database"",""validationMessage"":""✅ Main database file loaded successfully."",""status"":""completed""}",Fri Aug 08 2025 14:16:41 GMT+0000 (Coordinated Universal Time),
83,test-user,GR7188 - 40 Hollow Road - Bury St Edmunds - IP32 7AY.db3,2125824,application/octet-stream,uploads/53de97534c52f9c8a8b663987e454a97,utilities,completed,,Sun Jul 20 2025 12:22:01 GMT+0000 (Coordinated Universal Time),7188,,1,,,"{""sectionsCount"":26,""extractionType"":""wincan_database"",""validationMessage"":""✅ Main database file loaded successfully.""}",Sun Aug 03 2025 17:07:21 GMT+0000 (Coordinated Universal Time),GR7188
84,test-user,GR7188 - 40 Hollow Road - Bury St Edmunds - IP32 7AY_Meta.db3,630784,application/octet-stream,uploads/cb20a4568a4b87d51d353b5eb645f5da,utilities,pending,,Sat Aug 02 2025 16:36:08 GMT+0000 (Coordinated Universal Time),7188,22,1,,,failed,Sun Aug 03 2025 17:07:21 GMT+0000 (Coordinated Universal Time),GR7188
88,test-user,GR7188 - 40 Hollow Road - Bury St Edmunds - IP32 7AY_1752225336490.db3,2125824,application/octet-stream,uploads/0beebc9e8d63712f61c58a481e5f2b9b,utilities,processing,,Wed Aug 06 2025 11:28:22 GMT+0000 (Coordinated Universal Time),7188,,1,,,"{""sectionsCount"":24,""extractionType"":""wincan_database"",""validationMessage"":""✅ Main database file loaded successfully."",""status"":""completed""}",Wed Aug 06 2025 12:14:59 GMT+0000 (Coordinated Universal Time),
93,test-user,GR7204 - 1 High Croft - Aldridge - Walsall WS9 8XL.db3,1417216,application/octet-stream,uploads/4a76b38044cc71445e9579d8f248dc36,utilities,completed,,Fri Aug 08 2025 14:21:53 GMT+0000 (Coordinated Universal Time),7204,25,1,,,"{""sectionsCount"":2,""extractionType"":""wincan_database"",""validationMessage"":""✅ Main database file loaded successfully."",""status"":""completed""}",Fri Aug 08 2025 14:21:53 GMT+0000 (Coordinated Universal Time),
