id,user_id,sector,repair_method_id,pipe_size,depth,description,cost,rule,minimum_quantity,is_active,created_at,updated_at,work_category_id,travel_included_hours,additional_travel_rate,day_rate,hourly_rate,option1_cost,option2_cost,option3_cost,option4_cost,selected_option,option1_per_shift,option2_per_shift,option3_per_shift,option4_per_shift,length_of_repair,min_installation_per_day,travel_time_allowance,vehicle_id,pricing_structure,meterage,setup_rate,min_charge,number_per_shift,meters_per_shift,runs_per_shift,min_units_per_shift,min_meters_per_shift,min_inspections_per_shift,min_setup_count,range_pipesize_min,range_pipesize_max,range_percentage_min,range_percentage_max,range_fields,math_operators,custom_options
18,test-user,utilities,,150mm,,150mm patch repair with single layer,380.00,Standard repair for 150mm pipe,1,true,Fri Jul 11 2025 19:53:46 GMT+0000 (Coordinated Universal Time),Fri Jul 11 2025 19:53:46 GMT+0000 (Coordinated Universal Time),6,0.00,0.00,0.00,0.00,,,,,,,,,,1000mm,,2.0,,[object Object],,,,,,,,,,,,,,,[object Object],,
19,test-user,utilities,,225mm,,225mm patch repair with double layer,520.00,Standard repair for 225mm pipe,1,true,Fri Jul 11 2025 19:53:46 GMT+0000 (Coordinated Universal Time),Fri Jul 11 2025 19:53:46 GMT+0000 (Coordinated Universal Time),6,0.00,0.00,0.00,0.00,,,,,,,,,,1000mm,,2.0,,[object Object],,,,,,,,,,,,,,,[object Object],,
20,test-user,utilities,,150mm,,150mm jetting per metre,25.00,Standard jetting for 150mm pipe,1,true,Fri Jul 11 2025 19:53:46 GMT+0000 (Coordinated Universal Time),Fri Jul 11 2025 19:53:46 GMT+0000 (Coordinated Universal Time),2,0.00,0.00,0.00,0.00,,,,,,,,,,1000mm,,2.0,,[object Object],,,,,,,,,,,,,,,[object Object],,
21,test-user,utilities,,225mm,,225mm jetting per metre,28.00,Standard jetting for 225mm pipe,1,true,Fri Jul 11 2025 19:53:46 GMT+0000 (Coordinated Universal Time),Fri Jul 11 2025 19:53:46 GMT+0000 (Coordinated Universal Time),2,0.00,0.00,0.00,0.00,,,,,,,,,,1000mm,,2.0,,[object Object],,,,,,,,,,,,,,,[object Object],,
22,test-user,utilities,,300mm,,300mm jetting per metre,32.00,Standard jetting for 300mm pipe,1,true,Fri Jul 11 2025 19:53:46 GMT+0000 (Coordinated Universal Time),Fri Jul 11 2025 19:53:46 GMT+0000 (Coordinated Universal Time),2,0.00,0.00,0.00,0.00,,,,,,,,,,1000mm,,2.0,,[object Object],,,,,,,,,,,,,,,[object Object],,
